<encrypted><![CDATA[KENCPUPR%*j%VPXt(hXs$*9-WT%wE*2J+u+NW`'p]h23#odd6U9rW+ur@['bW1XF1(Z+ASnpd5%P]JS4:#UMz=^-><Z?ICLuVC`7[rsr-Jb-j':bOQDfih++Dj_n'OTiG6T6`027g7'AV]]t=wLLr$Jzt[>LqKq+:_Ia59%C=?1fhoq*6nj4/n/Y/>nZq<`GD0p^gEp2nvUT=?vO)+qVer#m#pSAYd,r%lZ>fGh#KAhZr=)gDc88'8Kph#_tEI'V'oz2;K/e=3+;0lbGN'nXDkn*EI%CIJ4&:?<mKS-GG&/J-uPmFKrj)@][TR1-%1o.aq)s-8.&u@u6>u;N*c1A7K*G(nnlG7amS&1H1F+';6t'2/]bk5+V]r2h4/Gq=u@5=M5<L>WP3R#dJ#C-F/6T%`SM7@X*WW4)uF>ko;1fn[6&^;h$HH?hH^a8W)l+U027+&;Z)o*([X`5eka=(Gp`$`5efh)`5XQ,SY`.5,qJE&P*Vq8#dQk?c0F<(sQnO&MGVF/h79v1aG<?(8Xe&>YRuw7ufTY1cs;&N.oJ+2/Yn%1Kz<&+'1_lsvKOo5(_242KhaPTN)<6#hk:e?/i1Y=+53XCguVHo'T?3o@zP::u9fs$^+Wc'odRr:%)l9,&,hol#O6P?Z.R3%.-Od@MwG]B2DF0;tN8XZp/r<+G#.1-8HFM0[#kuH^.sh+FdL*=*fDB,lRvp=k>Q*$,cYe.)K#q*>uw@LrB0#9KU8z:2BWe<8@F`t;Ji*+Jpwl2PQc3#)Vu?;Z;sp%L^P$+zYaD.3I[H_df^OQR/>f2fR.(?qW)Z'R[b29Z[?7@NAhdqAX<w;TsNa;lb&6=pzFg1=h*J%e7(0;_2FF#$&@*#.c?B5f@Dv-d3-H=KJNa?Z^Gm*wEb*9S>AD+I['8VrgJO#hj;qZS=@40&rrh:H.K`#23-3^k^(U=GY%180T`'2YtG.,2Yq))<_%N,hB&#5wt]J&D<3opF4Mh'Kl9NIWoHqE^G.u0uEoJ,NIgKkZ1Pq<w-IkN%PXe1,8QeGLT@A,;UdiIvMtQD[K8T'F'i5/[Ir,FnzaR35nKvAe`AnFbMf7#a=FV9YD]'AfjvN1r#FOOQk*,^C5jN_s+Hq&Rd7#R08p#7B6I??fvLT-a:$3(;K`j@.gk$G<hIt=8K->FpquAlekbR7+(V:D;i4`EmZKujNw-fOwwt+])$M@A[bp]Hz%/W3#k/?Lgn$%4(La=;U7Od8mO<t?$a(5JfJ<5B)?Mv4@kd`8s8wr3L6lK3@N7h,[q`1Bd<RR8MXg:L/'2n)d9Q:/L0z%1c2gr_=ODSIDYd<3VYC0;jdkDG`:2:r+6t@,$fA96gQ-`YUFpaM^.L,Aljf5`=0HO$f^ZQ9z_@<;3eUDL,v1k=Ln]<#;99==M,GjG_F1+<m4M:gPne<<9AVZ)1UR6?>Bnp347lV,'<]m5G62l'Id2qAh2DvHXUZ882oQN2;@F9kiAeF+XrH#1&)<:FubLI6-PniGk4T[$n)7YF`.N]Hs9)aikZ=fGGMdVzCWWG`M(Il[;Q<n1tqrAH,D#_EiFQ-1':7/4ABl5nX[2K'OYrI?g46t)us0[Aj)1u;Y?7rC'/oW<,KF%04D8YIhWz49]d<M*J]H,_8s.]FJodY#EFFY#Ab]v7MCpz1<qI>qDGSGu.=$6C*Dk=B#P#O<ES%8Q)NKo<TCmZ&J;nX?S,OR$5OkCJUido7ASCMVv/]qQ#DVD/Qsz.KL7i%E_fPz*)wf_FXn;86rY5g%$D]ske>m'@%ZsXDJG[Y0wmRp7D7p%Akgo/.n^(<Vg#mi/I+'r3-BQ+&,iqGKc9u(-CzUf?=a)t2*T668Xnb4Vt[S;-aDEsJ[j5;&os#hE`ew36'meP<kOnu=DAJA<`Hut0f@Ge=@(j`?=sA2e*51]Z;'<ODSu6PI_l8MTTHqvC166`:9=,,NS%Za7EKD319pY43+4Jd?)/+o,&N^'8e:U`<<PMr-=#KwKF@:j7(/T9/AVBI5-:&mGVN,]-e<V<H&t?T94:jW-Q7R5M:feV5k[ae/_Cz<$(]bDS/L(R/a2EBFg]Ou&==52Zn=O(=E29h-fz'nHP,,*OC8tFN5,+X#n_,cH]B?%'Xm:LKDYlA?Abk,L8??]8cOT&*<'$l9voQz,)kTB/#^R28vutK=Imh20j3i26=eXN/z3%'A4']w9+#tE0gN>-34g$1-jOuP1_+Vr<hQU*l[dzs3dA1X-92Fe+/szE=LA39<Pslg=:AQz9RZh,@^:d0+c($SHbD)d=X&fuPF?=`Lc`6t?<>]3H/o>zE=H3'-OrvO+w5QtmCR.XFO_*$7Ephw8ATr5;O0>3:))0:@l]`^A#upr#HC*P?h%F+7'dTO-hk=A&FQm,1o>;S9hf@z@'l8V1oR:@<p5^DXMia<9R)778hz4gKrCY;ViO%I(ZEJo3S:(rKPm4_I>[F@_nev:=vl`Q9c)Yo[F]cLt/T[w0$O=>KWmi9PYPG%CKAnkB33gulO@5cDClK0GEk_z*`dKlGS02zNj*b,d@L8.9,IMbzHE@>@DdBM:s]e;3B4p;>J_f0,a9#qHfUlk9LJvYNQ9*C0/NG*O4GCPIEY9>JV.Qs<r;5dSou.heb5k35i%YEF9Ni<L^O-W-lVoDJcM<X8W[[8WijXIMW#J@2<E0.$7h]+E)Xzf2wA-(m'Hk&NTWX?CzJ_D%Z^LM,i*)J<K7sJ`T9G'L5kfd>_E/90N^sdGr^cFBv%$84<c>N=$eH7,w?A7FjYOw+fY'?A.*T+1(O=g[G8tD9UTl_8NY6I<#bDUlAKnw3pl9B3N,_WEq9Q+G^9ko&mn.p9:.:WnCJWgX&:<wP=;$A7Fp)0IoF<,@Sr@O87gZ:/8kiSNn?$HFG)Ai*u_s<E0-d5+`[=^-ipXXCZ_i(Er*PFHJaFg@WN^[8s^7G4RF)84+`C88lM>uzbF4i>fMu4K;<Nl.n8KjMhgaQ_CbK`qwlGVQOIG*R1Hk3GSjU^&A4P^Ap1r[HY^wogs:D&[f-z-*e>g0se_3&o#wUcdZ2C.>[qgcMYJPa/=_8P#_K8F^+&HM0*zlf?:.4e<7,c`+i?<*>G8`m1IiT(')l>g.1<aJ11AgMFVWK3AeFA(KD1klFBHsO>]S1F*`_hr%=Qpo;z&FsqC:TbJstS(;Li,*FEDhRZU-m>G1w8`47?@0Dorgb%U93O+GY>>H3q*8,(oEKP?j;^L?v8g84MPmI:/eD9:uYR/0g8'Hhkjg$@Ejs,oFH-$&)S-9D(n#Jz/bU.D9;kDEseU8uzY&Bdb7H0w(R9z<_P-6w#YO1azg'Dmb?c]n@hgrd[GD7tLS437L@kP&fJb+acE]*'R*lEWuMmSMb2+@if'e,-(Ws9XSUpGII6t.o7QYG5R$S]K]TnL&mGXaCHi:8i>jH?MGZ/EF4O)/Y1Y1>-@;SM^QAjEm'QQ=w=:l@V%?]KgZ)i->]nv;@Y=$&4%Rq:E0fW@ir'p7SjTD7s7?2>3kJ(#'i%n4')?NY_.)ltP-ws4iIUU[P0Xa>a/`I?7uWGDH7NDXqS<X8p/2T/2Igc]j&#zW`zs,Jz,KFGBMa;=d_d]Mp.,@UUnNj&j9#_C^_i;FFzo2K'vCjA5a5zNf`kddhQZv+IN=4@,dXTC4wzl46`^q890cF_^RSScUwErEA%2f9Xg3[4JFA_@/-DMEGQ88kA+=vFCm).7PhT=0sXZ#6p1#gB?w'YJ@j7cHn*bhRo=n5<&Nw61v+J3F5oi>HvF^dJDvd/&3wZ=D(@OfuGK/tLD_/854wdNA.-8R&RhU^=?OI<DS/`e_no)I#l<JA&P(*V3;@1<HDUqv7[p`*>%vd/?FIGi0f8a1($KUd%`.U15@?ZU4&BC2JXZzw/j84ZG9hTz2tT66''@)@_?ihN'i7$?(*lQX7g)T=p?AtUKv)e<<X@n;7/`q<G&bO&4oG$&+AOomCh<r_0uM@ulp(Hj@c-T#H'SuHHfZ$W7lq[Y*5nwoV6z+B+-BX'?4EJ=+[HZk,@#V&;LNlM64=*aFd.iw1h/]4rMgiKHb5[:>Mu/N=ZNL:FQ'd,$M@1&>F#'33(tNQH332?k_3I=1h$T;=`c&:9BAMHqb&U5=Q.%04(S/Id:t@jGH3mF7-12&Gd%F9#:1_CzGB/]W)W/I/+jol)z83=E?#a<IJ*rBAF:g`Mp:w4DWZ><8M78G$S:`BGshM-tMc?.:mWS/%&T]^/%Q%g<?9r=,+lAh3dLafC0-hi+6Sdd3B<(%BVhlK-SJ*S?1pMvNwo+18dYA6^mM/$9cuSM.wiP^86[k58XQ2d+oPAcpLf]l7p&O;Q5z&GG'W,$O>Mqkzjh)6,+tbuHc>#4F'>]$HS7(R;HY]vuP[1sFd/Bk5a6mW)o0kIGJO3_:Aahg8/PU0$Ik-d:m_h_?$OL>GSK/VGk-^3,/D]=F4*E>(7TI+%^DAw3uUOl)rVF`^p$OW#HDw^DLRhlFU`M$[pG)6%O58e3:2%+apWM&G`37pEjaVe=OVhb?Jj<j4r2v7zmQP3#,3,wGDZ-X'^lnO>S[BiEBA7FzPg^]BJNm#3Ko7b3-t'(J2^dg2CL.J:w.KRKXG>4.E,Z3>O2I)GbG)B%*i&0-rjYeDaa`_O8Ts2HcZZG8eM6.'6e/)LLVh-B#s3H:.m/`E+YHB<=czp=jh@6)-fw]F*c2FL>D&90R1brCm9W2<515>mt+i1p=+rL3A<O$H@$]H;1M7nEMO)f)qm(LX`B;0F(4)/Ie=LT57^H:qYNv5I<2#86`b*REe)Q;<:f+q2uf,`Ed$I)2^.JY3<5cpu@),2A],agGT=B`<<o._*U.tp0P(iX;^_JX;Y[jC$6Qr_R)j^V57LYB#?a8>F5(km$w'07=>H8;+dLGY6TeZiZ1c4wPS1z41(Eg:$A,$^=evLO<>mEzAkuhJJ,Yh:8r+W$>b@m.4RABi,s<7Kbe<)O6bPE',SQB[9HJPbA0E$J)bF-mG-#&s3:*a9F`$ik*^hoeH$i#1D*l1L1-$F+L-CM79M:t3Drbf=FFA3TRQ'4F+=,w9ArjDh#p?>/$[nJu53u`@9plVi0L*oDV*b;HR.9'@6ao;9CKe6_I-btD3ZVH*$V2Ik*_^[e:]eJ1)A6r-*Paj#GoV4=1#om(FD6NGFV9eQ(>YUqI5S%*7)9(D>w,eKD8Th5I^_D&2D$a5F+U+D/.z=u`F1[WLv/H1EeJ*:3YqOb'V`OSspAjnah;H_=$,Os+Pz^P<cBw`(i8DkB9Js#%>9W:Z[;P^NEh?IVa8RWIqB==D-0NU;NIiECavrrs<E:)J+^8>2-hA'?JRuOB<2a=-pjjl;#kETeqEAuZcFc4;;25aDilMv/Nr%i,B._Z<;TJ/?9Rf]%j$@].UFBk?_3U>o+2Z:E(l_1:F7jvirtitlHsU9<LfuC<D*(4TQSsvDuI#-5O413*C&/U@S9gDM.`8(M4'6$#(2,WHkuJ]BX;qw(ju6w3J1RUW&_&C3kccMG>(596/wBYLC<(E-1T[`8)7Y$bR,/n5UG-v<rjO&<Vo?bZ_N=6EfV.7BLP/s2jUUo351-<Fc59C$won=Q<r5_8K8ke-^Q<cTQRsjSzl1H>l@Eq:/gIgJ'N&(I:O+>@nC/TW<;Mq=KIq.l/00ls+1+V'[pkSFuN`hETS5]BY?:nIj=QNO385,rX-dTGz76.3QD1JJ&ddM8/D]b0Fdz#AhTol0)QIvzoN$h7nQSB5rm$w6zLEt<BOMT33'(OH.#$W=)G&p.)bj)r.tjD2b<j#*]8H59jQU#T$5SR<bM?832tuYAzQ[qHAq2P3k=04<LcgOaaNHrVY/]2P9zc1cehGX@0Z8+CmUJU95h[z7Izh+Q-A4OD;w/tA&(`c3<gKVG>dae#D&Er12:UE#9mzU@tITs<;#fG3cYOW40]]X4iCi('ZcPuLg[,/@rX=@*NuEW;'l#mptAl6;*uB-d%QSW<CKN8UveFG-39om=d,m[&FX57HeMNq-8l1<JPMp1-j=@L;QY(tM,Z-E0&TXt<pKleED12.:q?v,qS+(a<bO#7+6B`%?;P/>4N$e`G@/l+1PZM8NhW4k,:]>(A/+S(J28Ii9YV[Cl7]XpiUI**:Qa8z5sRX>FSVg#1>Z9>#fIU,PG&pt[.M<=:FtJFE0LAp^QjcwAhBCQo@i[Z,B=@I$]4lQ<9lpGA/h<A=U=rV61ST9La22>0R7_1m4c=M*d2eO0=Tmb,VKg;oSRz2<.h?S(@m>CE-Xd#GYK6<QlA&D5HzHO,i.Ad0^<a'36b`L3$W3=*/Ift4[7du2@pOd3Wl$GEjMcpDP6f&7r5g-3vPI99(gQ=<W)+LF5_haTY2QwAM7z.(>dHY=hK21G4+4@4pYVgIJX@g8j#XWV?XaiQfq%gF[w^G'j8Wp9tpk>C$37-EeqzBN#[>a8e]PfGeB6h5CGGRBz*+c.0c9s8F2n8BRnYl1e;T0E9UOhDl=fT64Jpw=07_m6P7'7E`6@<%>WAt455M.X2PWao7ARf<(uF,G$G^M'hEOSk`rLS3E>o^$&uj79BtV`BN&'z7^c%F*EsHc<GF0JPMX<GSprPt2Tn3hlfUuc*joeZ;vvT@-cT.D]Mb`8EkV-9,E.q.*4)ea)aX]b,-Y@A7_Eo-IAR@ezCvP_0>RplEq3I=4_@q&*tfIj7+/oH>F^1cIfcC32OGRB2[W_EhQJ7-Dq,dL9AlQLEsmp=mNv*==^:%[)L)^_FS@i3GGjNk2sHzNg@IR3I-pX.ZBS2oZt[5Bdd:zv*Uu0aF*fID<@LW4;lq.:VFY_n8s,lkHZANW55,OQDVtva18thED0I0JF<SP#A2mPd3-+EJ5%VHTaV?*_4<fa+B:#ZI2fTjt/0Cto3'hO,>0+YXqlE9PI^CX[:YEKG@2:C=SWH1bGhPtR$Vo.3I:K_#@rY;9Uj+_*?:,($3=$g]Pu<W@P1NwW0NTtV+qa-^Cfi_nE9V/8:L=,AMt*oXYptdrI)),v2cXiN/sPH)2<P-MBR>i4CdAr-AFq[q?83,q?N?r?7*Y:eF@2D]BUuUKc70ohH5wus7`+Uu182iKiD.PUI&rT*gFcLuciMGck,92Y/Meb<$@-q,I/[B^Kc0`C0;s+UGJ`0XJKmW?#rWp(XuX+'2*H4[H#:vPESXdRMo=QzG@eq0LYv?7<<*)o2S.;$)HoOpB^j*J-9tgtB-3r/EfKQ-2iHjH>vtv*<GnJh4dr4w(a.jhBh$4O'&T/@AgiowXAE&+2b2Gk]b:Pf8&1p/::uN^D`0PhR1pkj#^L1U(`^`eHhK$NG2#wq,R@rz@ia'UI'0Z,P:ErwjPubeBg0SLAvFU?%CbE?U*NoF&.h[kA^]fq(aNfK:P?Pj6SeR,AjP_b$]Zs*/JatiCW]Tn(ztmNKXop;HsL&c)+.2'(uU1;DLwSW5b`t)9@kU&j+V([38R>nLn@1&;zt*79sKf*E'$]F^b1F9lD2Os(=taaGI$KLJQ4caX$>:hK'..&G#zJmYqQWkV6j-`:K9fqDg=K[EA,Vs.D;uHF;.-i4^JXuErKI+H59O&5e)-[;#_vb1RuL[Cu4kXF.70A1vY;X@.l'>Hu;#/4oHie'e1$b-2@zN#>q9jHI2[h77`W%)RX^9Wv#,:H<`;<<PH`OE81A:+STs?ATWNs4mp[,Dm0565^ts2@/w7(Eg+lZ;oW3_O`E#[Q?^3A0woYU3r+HhDz+5'JIm<:Bv#d?d`C2(P^8'zC.BCP+gKN,HZ7O2$R3-Y?<%W$Eb5Rm>+QZ)DClJnJZM;Z$`;]i+]M_hA+MBp$^Z1'I?_<S)U$Tv>t)RrP/>YDN=7GE]c4MI<p3bklp]d%.Vr7S+vO:]zTv[)@-9bmW9f=n7]b['8)#VWZ]%PLz9ESK2`pF(?-`X:HWhC(:%QlFD*i_uNl4MQ?7@>O3Buu0)u&_8?PV/n19m+QS+>lqK,K>M##L`^?0UaZ8dNQ`)V79c48`CkCi-V=-(=q'GWYI4.kvCW.9^HJW8)KFIq)rq;'`,TJ0Jz4T:'4HHTEqu'<A1I,Y>@.GPcT8?YGN<%hU@#Bce9NO+>k%O$ST6`N$4c?c+e)m&@z2^4NR.Fp6V9[S-hSDOseFC'f@NI2-%9Gj;lv-:J^dIXKt#E2N5hrk>lf?5KHT=VM]J4cc^oFl[CQ>z&<.2&5d[)?Rk*/s2'71[hvh`Up+j6dlVMJ-cpfG#oY]U3S(VQqq:#`Qb>I<EGQPKMH6NEETt4H;X)5@HH$%Ng:AhQnw4i-FUBGINq]eD:D+@?aYDjF(;#UN#r@%6Ydw>cciiH461H-JmG5;s@GCmA5_9Vt'3bw53c-M@Y<'(<p@M93Rm/WG7U@h>660'.^2m+Dg(LLBWt1+&54/SSas5#=YTaaA[6SOJ<H#LM[+BO?T`934jf,zTA*<6Cl[wNe$$Kzg3Umh9fQ9>CbMIqOP1VV-TMO@IvVhBH'2`AKKn83*9R&>S0X1&t,I(uDS`#Y5bB+d>EcPC4YY'l<NhDtA')QKm@]DjC@t9J>XFF2+$s^=6`br9Br1;A3`W(bEk?Hj#C4uS5t_UINdM<au>K#^I&F9-Dn3/<P9u8kA<kOM2$TZ#:MV;$)KBrpAl5JO8je6WAai)bgsYC;a6*.45o2IXIcpBD$nT[-;$A+OVz?E+V;dz]CM4`87RSLS-z8&;Z@RTMIEQ=$;?+HdBMjW9(:::)?4KS2;#ZQV@SY=)C$CTP.RoXEDTg>P@Jk8M$KP]tHo%eLNN),D)G1L3?jGckF.RiLWW+w^=R^%@CeJ#T$>0rnJD;ci2hDF`,oJ&i6bdMBf2N0>LIA2C@)m>HHrj2nEUef;E(M)R5Ik^,j<TU82?g0z3@;-w-1s*(-W_5L3e=f:?Ch;CD:iSh1,tV&<6/Oc>(Gvd*iTe3@RU:K6klA2#E%Ud9N_h9:qDM3D3['J]H]s&((#Oh$YKW_B5ZApZ,OSadS/nmzqt.F/$2z(G=7P=7n$MOJsv;-%^T)zPalV&Ug,ju-rUm&7H[rk3-Whz:M)97Dir_/P8lRhCaJ1v/FaC.1Ks5L(:b_+-<V$(;o3K'#w$z:9>3O,4rOgHAh?rIVaHGU,@?%<A7QlL7iQ'6IRbSq7eCju;/l#mVMFP@9nJmD;EOoz)2p5Th'e^h7`R+&?(DJpFEDhvGIi6%20,j+Hjmq14$OautfX2^LF7052G_8sIhS;I#CnbO:Awn#+Pm4KYn#;K7.]r]@TrK..;ZXXGa%iUA#t;M2)-ll3s3a6Ao4RU?866S:I2D9S/sT+#=iG7FY;2=7S13'H;RoBEfiaOCu#F^oQ3tD[X5;CC#'/JF*(HL]Ub1FGbRt2L._.?CpUrfn@J-X*5QRH#bf(:lak>7Wk)mel$>*(5D>IA('uK]*VT2F('`gr7qAjCNif^#<q_BwsFNpj;UN7FIPOG*5#-^BCWIUoUFIVK'LKi>2v7ce1'XpK=Zph&oM94f':#b]9>k?GIE%8+Th63;>W1R+_WE2b</2gZ>9>]?C*HrmU2BHX=m.n[,(;MRF,'J'tbBmO6TpP^G?[u&/H(W'Mw*HUZ,fI@U'#9kV<tJM=hUc4z=vYNRzL6d[B;T'@O=o*G7%6(5/gF(G1m3X1JagdApLlvJ4G]e-J8E%=1utJHX=spM59hl4di]_8:^AD3Qq'5ITGnS%`k)89^FGv_k</(;@&QAGV9ZY8W8QcTJ?kA2fv+K'azL4FtB06%-)1`&LEcSE5TllG30,]PV2owruK+X+8OD)Kj'5D29Hkz?OUc(<w4_nf>Vbz:%F2JC:B^Y5Is$u4HC:v%J8>1:>OLF:sn;q2b&3PB`0=m3UR*)4/q1k=/wj*A`kqo56[b&MX[Jt7sRS-1k9)eSZ68A;''#`Dt`f+D8i4c#)P7G0dJ'>R]gka9h4;$B[HAB2-'^w9PzpPI?h$PPu39fOI5^m/Rs$CA'i<[7rl&M8[3woOuRwDnN0/,#7I&+$t7Q4)Js3jQq+6''Zm.XEHlH8%I$TaGgF`fI#-(PGG4bB9U6ta*av,Ym;XB1(vIX;I)#(%3fEQ;V`gD)XnEa'C1]KCI,ttL;=FNtS0R3c=iu<?+rM@XFVwh5C`pZpJfBM(%<:8B1lsk^.gt4H[2=D^<`Q)RK)$6&]]></encrypted>