<encrypted><![CDATA[KENCPUPR%*5aGl#f=TcT<wGp^?GoEtaK2,L]CrFWJi>`vg`rb/U6,<<t)$vtq#0C63_=3l]F#^3c?)oG%.n=#P$llhAc)_jN&@m6tLDf(g:cr9&AK6CiJuH*I?.3-;,Ik%Ok9a+mq0[0aJ<U@cb`5H&]hf6VqL<3G*:7.S2=)Q1*WiKuHc#I<sEs;0T^n?3p[B4'L:;,I$h2ldr]zhP=%G:@DLsD6s.;?;Lf/-C>@&'m-5e,ac;oBdu6N.o9kv^w%J]'1DjUn9:^68ZX`K4d15t,1Wrh-wV^T8HMj%Kwq'8,B,eb:CNStJ7kKY?&1F@(=W4e74TW5)Zrl9BIF/c?YdfjEpu<O8##AAS^+VwJspHd5/lSe85'g:5PO,M0g9@K,HJQ0SKuRvXh+9c&WAs.9lr6?Jn=e(JA_&H)QA6c+NHuF7qnv4<z#nr[oJ#t@sBU>n$l)f4sCKv:)r*5>'+PYEeBhb&'>O*1;&Z,2q^%O)RSG*4o)Sc11B2),u$Ie/4eU$)<T904_sp4?0J[DF>Bzq%zYtg42%eP(_Zvp;rXsaEYO_D=d.+nF1%Wp$z+MFZPf?F6(Gka6_zeg00T9Q9tS&p4/I0g+cfIF<(%Xp1QKkc<Ddv?ni^X'2%zm$U`n,5C71#;7rS-R'lXf36/SBb(Um[WK+gIoDjiwv+uf_FIV1d91GE6j$kbuCGJsf&L6&9*',VdC5(.o:6R(4Y<0*RCz%Tv';Z(B=A]obc#s^1O@9$uO7GDF+@O=m5_O7-vk;&4)Ap+7$4p/Cu,W-V(.X+t0*_Ngb:kOdo23^0c6FKR:YTT@O'2`9bPGE;n$IN0q7$G%E,CM=9K='kVL#H*K'_C+pF7bYq+;MSJFn-Xr,Rub+6OA`KK]JN])*QmSD4AF&?dkz$K)P^6/a&nLS/@B;*X&8XK%H?%$8N/n+EzGM0Mbwf=hv?g93HR>t+h4e#Y#-f0hlVi0Cn+*3w#IYb0%v.?#eT&2Jc2V@s300ls)]e%S9%XPs&U9Cws(<bJ[X(@,r0p6vGa/'c'FY-:=fZJsXD:%tUagEs@Ca4q4];&E7V21uwp2%`lXC/64Ls1r%_=An%g')3ET9oOGo2Hp9V'-c>L><A^#[53Y,n:+RGg7`3+pSAdQCR`Mh;6;qbJ)A+d0+DKXQ7?*Z+>-i>08&ib>4VW@TFCECUm$6@Z1mDU<VA)?33o-S'3-iTa:*,FV0Ivi:m`#RZ7.Y*MGA/ql0)K4KJU^Lo=uaNe>Z'J+7+PVTA1qrl>QIo]?B/i%;GA@s#AR+<Y2lfsKEaII$zlMG)jnwq?/(%0GmBS=98f1nhIQbBZ<#6B9ss:$KQ&N(6*Mg-B,t:>,0L`kNR8[OC7+:*5pl9tr^@fB<en(4Pkn=I8O/+[0&8(f,pkgpg^mM7<Trw70+?A94e#RajL_g1@k,7=8I-?;;fqHWP(0$IBj_;R?;v5'CZsW'A8-_o&uwwVRib<?+]tk^%t^ndEK5AS6pUD@TSf.)AuR2>%>1XFRGLL(5]=JT8oR9-J*%.3<coj0)._3c?+XhM9]m;vDL7:E7soX@2VX6>U]paOm]$*i7gA->A2ocJ;W'f$I4<m_R80kn56#3FIo&_q6mD0H0V0N@(oW4$9F7R%/VUZf63A3P5r`7tKJBcq:WkW_Q@P><G53<wJPoEdFq#$MG2`Il&060z#q)meBIv6=SS*3^F)Ki8Cc@MTGGmk7-d_>59OIOT6N8R89_#qg>f3g4`)j;j.9n'3P5?V3;f7Ujd38,n8:.kv6b4Cc(GB]T6KDJ?@ccQ[JHs$AAh7700ppi:HfsC47_(uI(-+L+A<(LX?-/LaGu2gi-sX;ATm7$+KR'mczI`^XFBL;1bJ_bM;IM_7.lYm.Q5FU:LgpC'67E^dC<YP28Ak-2&cwYh+#j-JAMtA*E8OM*G.61AB[ERn?6dsPhds'0E:G?.A9pal,[O1VJ7#]m;c&FvWk(&eIZOUsIlgu<K@OCEDj)/&2)Zi<IrJo#C>jR'?8aSP0[Kmn6sYN(K^zTPSWiTnGA?^dh#Nq5+hY5?5I#HkIW:c9TXG[gSFT8VSR5*vo4auM;n$e:;GYA<G8C/wK(Pl+2B?'R<GM5r(j-+MnmYY4&dLo;`5'%A2Ra:410iuV0H6.1>C7[ACq]+X;-QQ=FlHVuJ$ts_?8QUt@U7z6<1g$0,hH$VB=Srp?/u%HcmTLs0tD/$;6UQISWaV+IR,SgG8]lX1$t?F)?&wW-CMIa5bILDSJNX=%eaMh.8+a7EO4XB@h%He8i;Vo?do8_]R/dn(^48Z<M=qiPgm^--J<p)RAWlC8RTiE@q,6J-EMmBA/F:ELHO*g8vb@30>Q':Iva^nD`uaLDS0OWH(1'E8(-AB8Ti#@^Jd*.@10,BJ&nur$4tq-ohe_]8GBdp;snv.9_K-K3Egi+acmmGGD_llX<3Y0T9gP%h?t8@CzLM=G(EA+IA`zVj);)l0bVIQ$0FFjJdO%ECE)lT.vmBbN1#_W22kZA3`enp?X)EQ(BASI&YwH5-MsM91@0umHq.LmH(.S#SwcZ&KTE)w-8-a*(g9Pi2^RYL0jqdYJC')ZKVm6TSGP6o'deDt:,l,V%,XcX:bZkgCI0E43QprF`GT)7Ugq$e>2o$-Ba_MC*5U@44Ac&)$Od(s;b8>&<iV0F<P)q)P1w^9d[Ov8ZeYKQ2V@zp0I:&h1z?F+jM=_4''-`S6mFK>@z0H8:@BoUA1LO(EQe/]X91-Omjw7vDWjP->RUS`4X5XgG^XWb<&oP<UKwhYD[?btI@fdL9Tj/,;fZl^<==&$1`s&sPwSPbl*sLG>/UAcE/7)MIQAmNG`pJ6%TABh@XLd[%PH;g8F7-6P%wv-6PKaPn_>Lw8hWMbDU8`d)=7`;<qj.CKk5du-Fz1*B&cIZG[;<QHhbF7K/tmB,cgBj)U4zDR-T[d'=kgD5dWs[$Ug8><O[PUMQL5o+TuWr'XTf'E^iwE4io7BfL?0=)rT=@bBlBbQ*WO`3Mc4^9bZkF^jU],rTPh)H%E@`1CJa^8s0#/=0Eh+IfDY5140Ue^j$BG;jR`7HD.n,1.s`O:OpMJK4Yof>eMqVAnCOoD#<n8>_NR6DZY.Q5['a2AWXpz7HPrHH4_j8J9R/*TXvbJRv/)wRt]Y=H&f32;$msz@1pifQ,F^i<s/''2>O?TZ+>v+A4m.Vr+c5H9Y.73KDi)YDlVSOK^]MrrlE[_/uDZd>--6(T8pOA/8p`wtLOX.FTY6E3MbTE#<S=N'l/r:-AckH.RhGw3XrTn2i/H*EF6?sIh#[seP)nB/WJ@(%@?`F>vFo,:Amw??42c?1vn0@k)(*VkhAtVK/p[j7D>WB+c=KQE,Xm:3?ao5S5'QJH+zQb1`sr/Dee3)KzWE2>g#b9H?7$H$@D:D/2(rf5:lU9P(X[Y]hlWzPs;V;9D_<`I-^3H.@;R%;%p^4<fHvsa9Dt>6vW/eIWInZ7#.-U0U-jXHUWYTG8dAkBQk8+AE11#K8;);ph`D[A@?$#Utph?E>#_9fF?e:'G-Bi=cr*E973Km*45%jg?BrR+Q*;j@6fT*2a:QRdY.cS-Ie?W1tQ1F,;*qM%Sct>.t^H2m7(A^:idgYkuig0$4$eN0<`EJ9/o(WGhLul>vMj8CF.(%Erd7*@w._c3):TeAr?=U?S_`aAF%ol;XclG2Z=[^Ak7CRDCDbu_>ko?l8K)T@TK,a*$6rM>%>pE*wldNF:dWp%kEL8Th1RkWeuBr6Aj#E4qJdY9tc&u'AW;u(v0K@13BCqGR/JDL>c](PYB]52eM3>=dqu$CW2)2@9T5v11KD_99k2;a94XdEB5tb@-p5pIn5^R@GLMTD0v6?J?Gs^8fHlcB<^>o8d.L<8sLI'@GXi59O0uw_sN5c.AGn2-#%NSDR4XdCa4TM8FRN$/huBpSJqkfMZ_r=7pz+R]sRn7HR93):%`;b$ai]$?N:?X1UdjIpT<#E[.l#(@vmnlt7FrPdQt5jIh54fo0qckS1N98_D5^?9O90q=5/%LITR=v@]_*$#8JIYU0Dl<3@GQG;</pT>#5D@3*S>N?vr4+5c)u3s#rsK=e^wuA0$Gq@d8d`2%?Qm1]%ut@R.6BSuRL,[1feW>l>[b2;Rjz?GNpKB2u7<?1s?d$@42DB6W:*f/j)fPAI^A2E`6oZ=nj&8KZe,ROIRb+ebs-<:dK9?R$oKgtLHL@HPRN:ck5J@UIRQ=Ep0LJr_r82*ATl#>@'oW'K$k33ftb2>NYL:B7Lh]g=pbFIr@BKpew@F12@-5@m)w9dlfv2-#_i[R7TMT?wF96h?@:8lzwB(:/FV.jwX5=D^CG&?8pe<vA;r<k@hafhX:,86rn0AqnOX>$5ruE:oa.+GNCWAO5?TK'Mp&KN.UUFi'h#;Q$&)gv<a)Eu[24:=0$b<t/V3CB]*Qe.bIk/bMdw2Alsk1(*4`o<<PE?J*rc5FehJIaFQW5k'HM83t[D5_)z0f3I7B`74tM0W4$;7z]jT=gdnT:#?8/Cp%ON09n]amQsw%<7-sgQ.b$J-Z%FSWkA[:@8Uk<@^.7ZW&LZr;AAYI3%4%=pheb<90>02At#v8:EFZH2pD-]^fv6O:`+g.<F]GBJQw%zH(QmX24E)Z:<toqO-LD/H_2nnHLWWC;#_`AJV'?@7K(+18)4Mos]3cW[rFcm-S+[>2PtbCI,of+a<6*](2(7p:wlpf-w'H-tGHjMWuK*]$61)$Z#&?*%(76#@KD4aDiz'=IkICREE$qQ8^zb]:OH?t?Is)@@t'2wHESa,9/03O>&SI9D.'.P'h[.&I,Cd#=dD=5FjZN+S4fp.I]_R$IIPb$^na<u*N&f&5u52j=?,>#V=bP_QSY4B?*G<G0nZT>@8&Hq:CWF@$3I`u1:#Wc3'tGc=+EBJ`YDz9<(<k[Y10KB5ztKXHLNJT1(ID>FM6`)KlM:kKUpcY@A2Rp,*3$/3OE9Y6u1si?)-B9z7D6`:VLOC3/Rsz0<VbzKnjge6MgYwqa.N7J@_iEJr$^SEhi&l4m/mXD+N`@5pqgMWNoKLMMc@06h0HT9*&JA:wH'=7`=weH9TApHwq6HB=D=a<O`rDPXA@G,ue/vRF[7g:E?,I?e9RS-H67p<t&53=B&#>F2mup@FZ+0@G/_b@3M70DH3bI@u<^K4gEEm(etlj>jXpGFuEm8tjz45/498%cCFB@JCb4FC_`@fRX_kp:&14z4?NOD@7p5ZYN1[obDNT'6-^c<F6az#@NR0Z9w@VE#w^>6,j8=T=b4fL=9]q>r:/dS04Y=(M4KY;2jeD0@]V6')$L>/ca_#Q?9'948]l2`<g>olU%Q:w@3Rd*68ZWEF_pd,<4h2r<t<iC&D.G13qE@E7m2i^A*]r'z#@o8Gl*<0>%uK]FQbu>Dtb7ZKjj,Z3$m:<lO-<gtHGpS5^=JB:ceiWID1gX7tCY+@[`8r?vEM`4[:&.'o:9[K,=77;jucur.R.@<p=&eI@I4P1fBF&IlD$@BQmHG;?daq@Cg5WIVs^t=JB<<ITB^[%@>(b8@'RJD'<Hr@#cjI7NpHuYEEoZ;MjN=XZJwzUVa.?,_WqA;5YO,sg_J=7e)F^6aC-'SL(%pz^0^,KsVpW9/_6a9;g`,>c?%w)SV-,0*`1OGh8,R@-h,'mrr<f1enTnL.*wT85c4:&Hvj67+#gj<l$-J'`O`P06#A`@=YQd6.JB6HgC4[%)#<6@8GCh7eFS=Ckao-IN*5H?DCJ8J;<fN/vfuF`Xp(5I&$f7At:++9$eq6=c,d^K<@H_1zWt;rN:fmh1.*d%hXn/De3,)J+_-<8+ifX3biNAX0XW[BHC=Y3NEC(^i7Ji2i&9<PGA7*=wX>DF[3o?*>X_b9M0lz+YITF2=8:h4JB6nNjC0G?DZ:`*-:4r@&pLj9JZ-5pL%7q?uo6a?c7;J.ju-XK-fiRX`MziD-]]8G2@j/C9Pd&3;/3BC*0(:-+AS#r^22%tDh45'kW8%0<QTrI&<&K9K)b^0IXzH3Ef^$:*hRq?V<B6GUhCs>JJaAf[ZII.[D-h2Fu:h9GMEP<Fcc*t?fpG;a=X.2-%<W=#s4NGX%9)@mzw2'IWqtEqNdWAzUB#Ii81^K;(_n?F&Q]:TALFtivb`gHJ.6iEjRg-uX0#;mmL'&'0MQ8wQ'%r&'ibQQBEz'pC;a1'z0`G`@lX-ghwC#T-vC)n?Zv1Ge87?K93eU3Ro?'8GinOawYU@3-N,>LY90$;vlV9i6o4Kk`dI:SQU^(RL.'Kw(s7@,_M&IE&[2Iz<?g;^HEH+rNK*4Bw<4?_,qbKjK]Q<(eQLR_t<-oeNG49Z>*f>g7943/O/RG@]UZ*<j`qV2#(IS8=f*rs_lSLZ2O*`b_r5S#:>`5e-Di6BwmT8X+#r8b$kIoDRo3.k9wT5R+;l8l0N.:<FI4.9imEc]duE12_Fu=*&[&>2ms2JH@z4K;1fkJlKvkHE%:B9E5cT?TPbwHCYokS9G(%_DZ%BEEuJ&[GfR(CB'bkI=pg,+.g5w5HfFA<)a]L/(f_<TU*12V-..%,*>Ks;eHpRu]P3tF*eIjQ6Wzz2cpRG5gqI]B^Y0KWL>BS`U$P4M9mAg3hl^XJWLO6'k,.S=_Vf^KnX,W-hr7zJ(rI[>W;z=1GGtf7>u>^J19l3.Ng^0BJ^>oJfwf4*IO>>G]9-jhHE7wNPG*%>d(>B9^mMH%/$RoYKQ*%;`T*v4w0d3oj(97tbIk_,HWG4B42j9D,,:pF24s:Af_5V1DNE'8j(@&6[iD7X)bC62@i8)O;bu<8k2ic@+WLbDB&_n:DGN%Kp&/E3P#r;G%6og?@5BF@E[K7I$rzW>BWIV8%4:e*dDjg'pe(0H@AgH(m3zbKVvtnV'D0mIILm?GKNh[RsWkD>RT.Y7IX*e@d#Q6Z<2r@Vvw@Z5/)=M%0dY,J?&.G7uTv/?./*r*be'v9XWAVT*GE(WR?,N,1nb0NplzY8AGGffg.Lh9csp%gk:NfHB:SVB&8&E+2Mu*@HbCGdh0j-Ig_z23-7)=6sZ]a=Zt11M66&I%5b3:EIa$O%w3D3f=XOo3_p(Z;fV?>DAwwMHi3EeJW2hF%j^/-[KFr`QGHka1E]S=Blqh_I4BcQgJB8uBK,n6/upfc?2U[6>Vg1umazv/%Ns$.OlAtdsaOYD/zPnW&ef*1,)TJ&33uB#:H;4>L/t(Q(e_JsH-Leg?'uRL<b'44/a_T^%'8ZvDv4bI?46oOJZ#k,;,T9fp9AHJ5QetZJsD_zCvV,l7BYDo=B5#Q3d`o%QdJ$JTUr/@Kb0$QF$$^w>eql:1VMkIHdzj.#hcpg1p<rN3/8YvV@hLM#+l?WZAnO2CWbC$HMnMr--Zms<qH-8Ku9%a.S:4PBl9HFi&;h#.vTQ8-b;eBPU]>@484'C_o@4O?Fgm%@g&gR4,kT.sU0gVlno%+:jJbT<Cf8+7_+h$>GA_+;8F_?.$7ItU2At-cGH4U6v)dq9kD6v+omTT8NW#oC/)/E0_0bX00V;#[Uw/^L0g/T'K9iEW:dQg8f:i=.<AI51KnAw=PH)jK^0-aAS1M$$Q<dmIdrwb;*@bSIS-ZQIPPu6:MYDN(tFjR>'XU28WF36@L<&i45dYMTB[,WKf']8EM3SFFYt#D27WwAKNiIs<v83>T6JBrR_Y1V3`hkpET*0i*tfve]]></encrypted>